mu_B,kappa3_1,kappa4_2
632.0,1.09031788496341,-0.28904867673079
666.0,1.06152332992368,0.164279260625683
697.0,1.11111023684003,0.224522832511389
